campaign_active,campaign_type,views,carts,purchase_clicks,view_to_cart_rate,cart_to_purchase_rate,view_to_purchase_rate
1,Reactivation_Offer,5686,1222,379,0.21491382342595849,0.31014729950900166,0.066654941962715444
1,Seasonal_Promotion,5722,1242,393,0.21705697308633345,0.31642512077294688,0.068682278923453341
1,New_Product_Launch,3483,747,247,0.2144702842377261,0.33065595716198126,0.0709158771174275
1,Loyalty_Reward,2273,497,156,0.21865376154861416,0.31388329979879276,0.0686317641882974
0,No_Campaign,38849,8327,2831,0.21434271152410617,0.33997838357151433,0.072871888594301007
